Sample,PC1,PC2,PC3,PC4,PC5,PC6,PC7,PC8,PC9,PC10,v103,v106,v113,v120,v125,v129,v130,v132,v139,v140,v141,v148,v149,v153,v159,v16,v161,v162,v168,v169,v172,v173,v174,v176,v177,v178,v198,v199,v2,v20,v203,v216,v217,v222,v223,v228,v231,v235,v238,v242,v246,v248,v255,v26,v262,v270,v277,v290,v310,v316,v318,v321,v322,v323,v326,v329,v33,v331,v334,v336,v340,v343,v346,v349,v35,v354,v356,v359,v363,v365,v366,v367,v37,v373,v374,v376,v377,v383,v385,v391,v396,v398,v4,v406,v409,v41,v413,v416,v417,v42,v424,v426,v434,v436,v439,v441,v445,v448,v45,v55,v58,v62,v64,v66,v90,v98,percent3D7b,percentTHb
1111,-0.0111259,0.0257962,0.00982917,0.0153778,-0.00170758,-0.00431409,0.00189498,-0.00272152,-0.0109591,0.00972904,0,0,0,1,0,0,0,0,0,1,0,0,0,1,0,1,1,0,0,1,0,0,1,0,0,0,1,0,0,0,0,0,0,0,0,0,0,0,0,0,0,1,0,0,0,1,0,0,0,1,0,1,0,0,0,1,0,2,0,0,0,0,0,0,0,0,0,0,0,0,0,0,2,0,1,0,1,0,0,0,0,1,0,0,0,0,0,0,0,2,0,0,0,0,0,0,0,2,0,0,0,0,0,2,0,0,102.7666929,105.8984453
1145,0.021686,0.00285358,0.00117127,0.00252143,0.00413177,-0.0040501,0.00548479,-0.00660607,0.0151002,0.00342044,0,0,0,0,0,0,0,1,0,0,0,0,0,1,0,0,0,0,0,0,0,1,1,0,0,0,0,0,1,0,0,0,0,0,0,0,0,0,0,0,0,1,0,1,0,0,0,0,1,1,0,1,0,0,0,1,0,0,0,0,0,0,0,0,0,0,0,0,0,0,0,0,0,0,0,0,0,0,0,0,0,0,0,0,0,1,1,0,0,0,0,0,0,0,0,0,0,1,1,0,0,0,0,0,0,0,69.92860962,95.95867739
1212,-0.00967937,0.0232846,0.00571171,0.0155446,-0.00159152,0.00086757,-0.0343318,-0.00614256,-0.00255458,0.0235613,0,0,0,0,0,0,0,0,0,1,0,0,0,1,0,0,0,0,0,1,1,0,0,0,0,0,0,0,0,0,0,0,0,0,0,0,0,0,0,0,0,1,0,0,0,1,0,0,0,2,0,0,0,0,0,0,0,1,0,0,1,0,0,0,0,0,0,0,1,1,0,0,1,0,2,0,1,0,0,1,0,1,0,0,0,0,0,0,0,1,0,0,0,0,0,0,1,2,1,0,0,0,0,1,0,0,82.04994888,91.52022801
1234,-0.00665649,0.017258,0.0102365,0.00158702,-0.00881683,0.00327605,-0.0222412,-0.000490283,-0.0020818,0.0112607,0,1,0,0,0,0,0,0,0,0,0,0,0,2,0,0,0,0,0,1,0,0,1,0,0,1,0,0,0,0,0,0,0,0,0,0,0,0,1,0,0,0,0,0,0,0,0,0,0,1,0,0,0,0,0,0,0,0,0,0,0,0,0,0,0,0,1,0,0,0,0,0,0,0,0,0,1,0,0,0,0,1,0,0,0,0,0,0,1,0,0,0,0,0,0,0,1,2,0,0,0,0,0,2,0,0,90.36983284,111.4202844
1287,0.0173034,0.00678666,0.00279828,0.00659282,-0.00373312,0.00402287,0.0109959,-0.0237505,0.00207358,0.0152856,0,0,0,0,0,0,0,0,0,1,0,0,1,0,0,0,0,0,0,0,0,0,2,0,0,0,0,0,1,0,1,0,0,0,0,0,0,0,0,1,0,0,0,0,0,0,0,0,1,0,0,1,0,0,0,0,0,0,0,0,0,0,0,0,0,0,0,0,0,0,0,0,1,0,1,0,2,0,0,0,0,0,0,0,0,0,1,0,0,1,0,0,0,0,0,1,0,1,0,0,0,0,0,1,0,0,127.1309626,116.9009184
1386,-0.0104296,0.00424611,0.027472,-0.0413964,0.00208619,-0.0048968,-0.0112923,0.00203567,-0.0166745,0.00447998,0,0,0,0,0,0,0,0,0,1,0,1,0,1,0,0,0,0,1,0,0,0,0,0,0,0,0,0,0,0,0,0,0,0,0,0,0,0,0,0,0,0,0,0,0,0,0,0,0,0,0,0,0,0,0,0,0,0,0,0,0,0,1,0,0,0,0,0,2,0,0,0,0,0,2,0,2,0,0,0,1,0,0,0,0,0,0,0,1,0,1,0,0,1,0,0,0,1,1,0,0,0,0,2,0,0,89.42871289,102.5999052
1473,0.0094461,0.011086,0.00546858,0.0086347,-0.00606037,-0.00261493,-0.00875985,0.000785736,0.00243738,0.00582381,0,0,0,0,0,0,1,0,0,0,0,0,0,1,0,0,0,0,1,0,0,1,0,0,0,0,0,0,0,0,1,0,0,0,0,0,0,0,0,0,0,1,0,0,0,1,0,0,0,1,0,1,0,0,0,1,0,1,1,0,0,0,0,0,0,0,0,0,1,0,0,0,2,0,2,0,2,0,0,2,0,0,0,0,0,0,0,0,0,2,0,0,1,0,0,0,1,1,0,0,0,0,0,1,0,1,127.831646,101.4418258
1723,0.0112322,0.010457,0.00735746,0.00764812,-0.00445369,-0.0110044,0.0119851,-0.00130558,-0.0153858,-0.00423103,0,0,0,0,0,0,1,0,0,1,0,0,0,0,1,0,0,0,0,0,0,0,0,0,0,0,0,0,0,0,0,0,0,0,0,0,0,0,0,1,0,0,0,0,0,1,0,0,0,0,0,0,0,0,0,0,0,0,0,0,0,0,0,0,0,0,0,0,1,0,0,0,0,0,1,0,1,0,0,1,1,0,0,0,0,0,0,0,1,0,1,0,0,0,0,0,0,0,1,0,0,0,0,1,1,0,91.26376704,94.09769717
1847,0.00854682,0.00900582,0.00457498,0.00704871,-0.00141746,-0.00883243,-0.000321204,0.00249074,-0.007901,0.00790837,0,1,0,0,0,0,0,0,0,1,0,0,0,0,0,0,1,0,0,0,0,1,0,0,0,0,0,1,0,0,0,0,0,0,0,0,0,0,0,0,0,1,0,0,0,1,0,1,0,0,0,0,0,0,0,0,0,1,2,0,0,0,0,0,0,0,0,0,0,0,0,0,1,0,1,0,1,0,0,0,0,0,0,0,0,0,0,0,1,1,1,0,0,0,0,0,1,0,0,0,0,0,0,2,0,0,78.57215485,93.14691554
2071,0.0324618,-0.00447295,-0.0016627,0.000603724,0.00128321,0.0118121,0.0115055,-0.0280167,-0.00110296,0.00582233,1,2,0,0,0,0,0,0,0,0,0,0,0,0,0,0,0,1,0,1,0,0,0,0,0,0,0,0,0,0,0,0,0,0,0,0,0,0,0,1,0,1,1,0,0,1,0,0,0,0,0,0,0,0,0,0,0,0,0,0,0,0,0,0,0,1,0,0,0,1,0,0,0,0,1,0,0,0,0,1,0,0,0,0,0,0,1,0,0,0,0,0,0,0,1,1,1,1,0,0,0,0,0,0,0,0,102.0181408,91.81231647
2112,0.0211681,0.00244523,0.00198033,0.00568244,0.00133916,0.00431201,0.0079874,0.000582143,0.00522549,-0.000757679,0,1,0,0,0,0,0,0,0,1,0,0,0,1,0,0,1,0,0,0,0,1,0,1,0,0,0,0,0,1,0,0,0,0,0,0,0,0,0,0,0,0,0,0,0,0,0,0,0,0,0,0,0,1,0,0,0,1,0,0,0,0,0,0,0,0,0,0,0,2,0,0,2,0,0,0,1,0,0,2,0,0,0,0,0,0,0,0,0,2,0,0,0,0,0,0,0,1,0,0,0,0,0,1,0,0,107.4975997,109.4100492
2222,-0.0158091,-0.0315604,-0.000298626,0.0146677,-0.0349471,0.00569145,-0.000177745,-0.00145862,-0.0189736,0.0101603,0,0,0,0,0,0,0,0,0,0,0,0,0,2,0,0,1,0,1,0,0,0,0,0,0,0,1,0,0,0,0,0,0,1,0,0,0,0,0,0,0,0,0,0,0,0,0,0,0,0,0,1,0,0,0,0,0,1,0,0,0,0,0,0,0,0,0,0,0,0,0,0,0,0,0,0,1,0,0,0,0,0,0,0,0,0,0,0,0,0,0,0,2,0,0,0,0,1,2,0,0,0,0,0,0,0,116.0324097,97.24871127
2473,0.0323053,-0.00512327,0.000215213,0.00148119,0.00194171,0.00169703,0.0130977,-0.0345863,0.00619757,0.0025518,0,1,1,0,0,0,0,0,0,0,0,0,1,0,0,0,0,0,1,0,1,0,0,0,0,0,0,0,0,1,0,0,0,0,0,0,0,0,0,0,0,0,0,0,0,0,0,0,0,2,0,0,0,0,0,0,0,1,0,0,0,0,0,1,0,0,0,0,1,1,0,0,0,0,1,1,1,0,0,1,1,0,0,0,0,0,0,0,0,0,0,0,0,0,0,0,2,1,0,0,0,0,0,1,0,0,95.84820396,87.75004038
2752,0.00806551,0.000190892,0.0142352,-0.0224937,-0.00912911,-0.000131879,-0.0526148,-0.0150275,-0.469884,-0.00311,0,0,0,0,0,0,0,0,0,1,0,0,0,1,0,0,1,0,0,0,0,1,0,0,0,0,1,0,0,0,0,1,1,0,0,0,0,0,0,0,1,0,0,0,0,0,0,0,0,1,0,0,0,0,0,0,0,1,0,0,0,0,0,0,0,1,0,0,0,0,1,0,1,1,0,0,1,0,0,1,1,0,0,0,0,0,0,1,0,1,0,0,1,0,0,1,1,1,1,0,0,0,0,0,0,0,136.0817906,119.0882789
2814,-0.00124303,0.00288687,0.0212861,-0.0297672,-0.0111999,0.000569494,-0.0453023,-0.0120856,-0.356516,0.00549568,0,0,0,0,0,0,0,0,0,2,0,0,0,0,0,0,1,0,0,0,0,0,0,0,0,0,0,0,0,0,0,1,0,0,0,0,0,0,0,0,0,0,0,0,0,0,0,0,0,0,0,0,0,0,0,0,0,2,0,0,0,0,0,0,0,1,0,0,0,0,1,0,0,0,1,0,2,0,0,1,1,1,0,0,0,0,0,0,1,0,1,0,1,0,0,2,0,2,2,0,0,0,0,0,0,0,115.8398568,113.9722694
2860,0.0306177,-0.00339731,-0.000537035,0.00133725,0.0140268,0.026524,0.00378255,0.0350966,4.04E-05,0.00617184,0,1,0,0,0,0,0,0,0,1,0,0,0,0,0,0,0,0,0,0,0,1,0,0,0,0,0,0,0,0,0,0,0,0,0,0,0,1,0,2,0,0,0,0,0,0,0,0,0,0,0,0,0,0,0,0,1,0,1,0,0,0,0,0,0,0,0,0,0,1,0,0,0,0,1,1,0,1,0,1,0,0,0,1,0,0,0,0,0,1,0,0,0,0,2,0,0,2,0,0,0,0,0,1,0,0,94.72090727,100.2945467
3001,-0.0108559,0.0254299,0.0092597,0.0145559,-0.00404519,-0.0089816,0.00716377,-0.00331045,-0.0152843,0.016383,0,0,0,0,0,0,0,0,0,1,1,1,0,1,0,0,0,0,1,0,0,0,1,0,0,0,0,0,1,0,0,0,0,0,0,0,0,0,0,1,0,0,0,0,0,0,0,0,1,0,0,0,0,0,0,0,0,0,0,0,0,0,1,0,0,0,0,0,0,0,0,0,0,0,1,0,1,0,0,0,0,0,0,0,0,0,0,0,0,0,0,0,0,2,0,0,0,1,1,0,0,0,0,1,0,0,89.80828073,106.0373575
3021,0.0137812,0.00583657,0.00611998,0.00114718,-0.00162283,-0.00614459,-0.00234147,-0.00714117,-0.00527743,0.00573637,0,0,0,0,0,0,0,0,0,0,0,0,0,0,0,0,0,0,0,0,0,0,1,0,0,1,0,0,0,0,0,0,0,0,0,0,0,0,0,0,0,1,0,0,0,1,0,0,0,1,0,1,0,0,0,1,0,1,1,0,0,0,0,0,1,0,0,0,0,2,0,0,0,0,2,0,0,0,0,1,0,0,0,1,0,0,0,0,0,0,0,0,0,0,0,0,1,1,1,0,1,0,0,2,0,0,87.74819823,75.87000556
3333,-0.0105562,0.0233522,0.00705931,0.0153438,0.00125131,-0.00722536,-0.0102014,0.00591357,-0.00331162,0.014274,0,0,0,0,1,0,0,0,0,2,0,0,0,0,0,0,0,0,0,0,0,0,0,0,0,0,0,1,0,0,0,0,0,0,0,0,0,0,1,0,0,0,0,0,0,0,0,0,0,1,0,0,0,0,0,0,0,0,0,0,0,0,0,0,0,0,0,0,1,0,0,0,0,0,1,0,0,0,0,0,1,1,0,0,0,0,0,0,2,0,2,0,0,0,0,0,1,1,2,0,0,0,0,0,0,0,89.58802674,106.7019009
3459,0.00723899,0.00998389,-0.000568289,0.0083083,0.00217473,0.0375995,-0.04798,0.0281636,0.0128472,0.0390397,0,0,0,0,0,0,0,0,0,1,0,0,0,1,0,0,0,0,0,1,0,0,0,0,0,0,0,0,0,0,0,0,1,0,0,0,0,0,0,0,0,0,0,0,0,0,0,0,0,0,0,0,0,1,0,0,1,0,0,0,0,1,0,0,0,0,0,0,0,1,0,0,0,0,1,0,1,0,1,0,0,0,0,0,0,0,0,0,1,1,1,0,0,0,0,0,0,1,1,0,0,0,0,0,1,0,127.9506606,105.3488382
3627,-0.00122274,0.00491665,0.0189558,-0.0209279,-0.0061417,0.00392579,-0.0556974,-0.0136991,-0.381416,-0.0096774,0,0,0,0,0,0,0,0,0,1,0,0,0,1,0,1,0,0,1,0,0,0,0,0,0,0,1,0,0,0,0,1,0,0,0,0,0,0,0,0,0,0,0,0,0,0,0,0,0,1,0,0,0,0,0,0,0,2,0,0,0,0,1,0,0,0,0,0,0,0,0,0,1,0,0,0,2,0,0,2,1,0,0,0,0,0,0,1,0,1,0,0,0,0,0,0,1,2,1,0,0,0,0,0,0,0,108.8374961,108.1821369
3645,0.0237999,0.000452505,0.00143537,0.00248021,0.000496811,-0.00090284,0.00722636,-0.0152809,-0.00193521,0.0185047,0,1,0,0,0,1,0,0,0,1,0,0,0,0,0,0,0,0,0,0,0,0,0,0,0,0,0,0,0,0,0,0,0,0,0,0,0,0,0,0,0,0,0,0,0,0,0,0,0,1,0,0,0,1,0,0,1,0,1,0,0,0,0,0,1,0,0,0,0,0,0,0,0,0,1,1,0,0,0,1,0,0,1,0,0,0,0,0,1,1,0,0,0,0,0,0,0,1,0,0,0,0,0,1,0,0,96.05852467,81.7238347
3730,0.00808661,0.0100846,0.000523023,0.00786669,0.0063569,0.0407159,-0.056128,0.035238,-0.000464854,0.0359892,0,0,0,1,0,0,0,0,0,0,0,0,0,2,0,0,0,0,0,2,0,0,1,0,0,0,0,0,0,1,0,0,0,0,0,0,0,0,0,1,0,0,0,0,0,0,0,0,0,0,0,0,0,0,0,0,0,1,0,0,0,0,0,0,0,0,0,0,0,1,0,0,0,0,0,0,2,0,0,2,0,0,0,0,0,1,0,0,0,0,0,0,1,0,0,2,0,1,0,0,0,0,0,1,0,0,75.19244505,92.13368664
3804,0.0246476,-0.00115962,0.00256235,-0.00159048,-0.000832918,0.0107734,0.0092139,-0.00920484,-0.000386442,0.000292689,1,2,0,0,1,0,0,1,0,1,0,0,0,0,0,0,0,0,1,0,0,0,1,0,0,0,0,0,0,1,0,0,0,1,0,0,0,0,0,0,0,0,0,0,1,0,0,0,0,1,0,1,0,0,0,1,0,0,0,1,0,0,0,0,0,0,0,0,1,0,0,1,1,0,0,1,1,0,0,2,0,0,0,0,0,0,0,0,1,1,0,1,0,1,0,0,1,1,1,0,0,0,0,2,0,0,119.4037002,113.6468272
3841,0.00429356,0.0130055,0.00505771,0.00974205,-0.00557669,-0.0026502,-0.00754279,-0.00700105,-0.00901839,0.0118561,0,0,0,0,0,0,0,0,0,0,0,0,0,1,0,0,0,0,0,0,0,1,1,0,0,1,0,0,0,0,0,0,0,0,0,0,0,0,1,0,0,0,0,0,0,1,0,0,0,0,0,0,0,0,0,0,0,0,0,1,0,0,0,0,0,0,0,0,1,0,0,0,0,0,0,0,1,0,0,0,0,2,0,1,0,0,0,0,0,0,0,0,0,0,0,0,2,1,0,0,0,0,0,1,0,0,100.8040559,101.349944
3853,0.00735877,0.0110366,0.00136455,0.00941801,0.00682042,0.0378654,-0.0605104,0.0284376,0.00253407,0.0280247,0,0,0,0,0,0,0,1,0,0,0,0,0,2,0,0,0,0,0,1,0,0,2,0,0,0,0,0,0,0,0,0,0,0,0,0,0,0,0,0,0,0,0,0,0,0,0,0,0,0,0,0,0,0,0,0,0,1,0,0,0,0,0,0,0,1,0,0,0,0,0,0,0,0,2,0,0,0,0,0,0,0,0,0,0,1,0,0,0,0,0,0,0,0,0,0,0,2,0,0,0,0,0,1,0,0,71.01683857,93.06104503
3874,-0.0047971,0.0217743,0.00842614,0.0150575,-0.0107604,0.00223726,-0.0237281,0.000854412,-0.00767003,0.00701197,0,0,0,0,0,0,0,0,0,1,0,0,0,1,0,0,1,0,0,0,0,0,1,0,0,0,1,0,0,0,0,0,0,0,0,0,0,0,0,0,0,0,0,0,0,0,0,0,0,0,0,0,0,0,0,0,0,2,0,0,0,0,0,0,0,0,0,0,0,0,0,0,1,0,0,1,0,0,0,2,2,0,0,0,0,0,0,0,1,1,1,0,0,0,0,0,1,1,1,0,0,0,0,1,0,0,93.22951708,91.42306345
3881,0.0157729,0.00658417,0.00414157,0.0053749,0.000226569,-0.00540748,0.00521176,-0.00816255,-0.00683708,0.00297241,0,0,0,0,0,0,0,0,0,1,0,0,0,1,0,0,1,0,0,0,0,2,0,0,0,0,0,0,0,0,0,0,0,0,0,0,0,0,1,0,0,0,0,1,0,1,0,0,0,0,0,0,0,0,1,0,0,1,0,0,0,0,0,0,0,0,0,0,1,1,0,0,1,0,0,0,2,0,0,1,1,1,0,0,0,0,0,0,1,1,0,0,0,0,0,0,1,2,1,0,0,0,0,1,0,0,132.4289688,100.2143433
4100,0.0253526,-0.00104118,1.66E-05,0.00255875,-0.00338468,-0.000107611,0.000185407,-0.00707514,-0.00914419,0.00590743,0,0,1,0,0,0,0,0,0,2,0,0,0,0,0,0,1,0,0,1,0,1,0,0,0,0,1,0,0,0,0,0,0,0,0,0,0,0,0,0,0,0,0,0,0,0,0,0,0,1,0,1,1,0,0,0,1,0,0,0,0,0,0,0,0,0,1,0,0,0,0,0,0,0,0,0,1,0,0,2,1,0,1,0,0,0,0,0,1,2,1,0,0,0,0,1,0,2,0,1,0,0,0,0,0,1,114.9413065,97.95313165
4379,-0.000725093,0.00387103,0.0190679,-0.0227577,-0.00347306,0.00376147,-0.0510989,-0.0177963,-0.382776,-0.0135872,0,0,0,0,0,0,0,0,0,1,0,0,0,1,0,0,0,0,1,0,0,0,1,0,0,1,1,0,0,0,0,1,0,0,0,0,0,0,1,0,1,0,0,0,0,0,0,0,0,1,0,0,0,0,0,0,0,0,0,0,0,0,1,0,0,1,0,0,0,0,1,0,1,1,0,0,1,0,0,2,1,0,0,0,0,0,0,0,1,1,1,0,1,0,0,2,1,2,1,0,0,0,0,0,0,0,125.4499518,111.1542105
4412,0.00751916,0.0100383,0.0010181,0.00713758,0.00224779,0.0399487,-0.0568486,0.0249533,0.00664646,0.0206981,1,0,0,0,0,0,0,0,0,0,0,0,0,1,0,0,0,0,0,0,0,0,0,0,0,1,0,0,0,1,0,0,0,0,0,0,0,0,1,1,0,0,0,0,0,0,0,0,0,1,0,0,0,0,0,0,0,0,0,0,0,0,0,0,0,0,0,0,0,0,0,0,0,0,0,0,1,0,0,0,0,1,0,1,0,0,0,0,0,0,0,0,0,0,0,0,0,1,1,0,0,0,0,0,1,0,94.94561447,92.67628538
4471,-0.0106938,0.0259384,0.0102619,0.0173763,-0.00149736,-0.00711091,0.00578085,0.00339668,-0.00633764,0.00856301,0,0,0,0,0,0,0,0,0,0,0,0,0,2,0,1,2,0,1,0,0,0,1,0,0,0,0,0,0,0,0,0,0,0,0,0,0,0,0,0,0,1,0,0,0,1,0,0,0,1,0,1,0,0,0,1,0,1,0,0,1,0,0,0,0,0,0,0,0,0,0,0,0,0,1,0,1,0,0,0,0,1,0,0,1,0,0,0,0,1,0,0,1,0,0,0,1,2,0,0,0,0,0,2,0,0,85.63381217,92.16850765
4715,0.00181267,0.0159411,0.00471243,0.012242,-0.0128152,0.00776417,-0.0570888,-0.0021318,-0.00225894,0.023297,1,0,0,0,0,0,0,0,0,1,0,0,0,1,0,0,0,0,0,0,0,0,2,0,0,1,0,0,0,0,0,0,0,0,0,0,0,0,0,0,0,0,0,0,0,0,0,0,0,0,0,0,0,0,1,0,0,0,0,0,0,0,0,0,0,0,0,0,0,0,0,0,1,0,1,0,0,0,0,1,0,1,0,0,0,0,0,0,1,1,1,0,0,0,0,0,0,2,1,0,0,0,0,0,0,0,88.6043027,95.39385238
5022,-0.0103756,0.0243989,0.0104875,0.0180563,-0.00143014,-0.00352078,0.0017521,0.0047054,-0.0129624,0.0115537,0,0,0,1,0,0,0,0,0,0,0,0,0,2,0,0,0,0,1,1,0,0,1,0,0,1,0,0,0,0,0,0,0,0,0,0,0,0,1,0,0,0,0,0,0,0,0,0,0,1,0,0,0,0,0,0,0,2,0,0,0,0,0,0,0,0,0,0,0,1,0,0,0,0,1,0,2,0,0,1,0,0,0,0,0,0,0,0,1,0,0,1,1,0,0,0,1,0,1,0,0,0,0,2,0,0,64.45630361,86.68487308
5083,0.0102465,0.00895621,0.00143156,0.00763552,0.00738099,0.0350563,-0.0373981,0.0265834,-0.00227904,0.0276323,0,1,0,0,0,0,0,0,0,1,0,0,0,1,0,0,0,0,0,1,0,1,1,0,0,0,0,0,0,0,0,0,0,0,0,0,0,0,0,0,0,0,0,0,0,0,0,0,0,0,0,1,1,0,0,0,0,0,0,0,0,0,0,0,0,0,0,0,1,0,0,0,0,0,2,0,1,0,0,1,0,1,1,0,0,0,0,0,0,0,0,0,0,0,0,0,0,1,1,0,0,0,0,1,0,0,83.38642386,100.2342625
5134,0.00798067,0.011582,0.00342226,0.00987932,-0.0031135,0.00908389,-0.0251304,-0.012493,-1.61E-05,0.0156359,0,0,0,0,0,0,0,0,0,0,0,0,0,1,1,0,1,0,0,1,0,0,0,0,0,0,0,0,0,1,0,0,0,0,0,0,0,0,0,0,0,0,1,0,0,2,0,1,0,0,1,1,0,0,0,1,1,0,0,0,0,0,0,0,0,0,0,0,0,0,0,0,0,1,0,0,1,0,0,1,0,1,0,0,0,0,1,0,1,1,1,0,0,0,0,0,0,0,0,0,0,0,0,1,0,0,111.3836191,105.4357081
5218,0.00969409,0.00884947,0.00128944,0.00769569,0.0042806,0.0413862,-0.0465068,0.0394989,0.00500348,0.0223313,0,0,0,0,0,0,0,0,0,0,0,0,0,1,0,0,0,0,1,1,0,0,1,0,0,0,1,0,0,1,0,0,0,0,0,0,0,1,0,0,0,0,0,0,0,0,0,0,0,1,0,0,0,0,0,0,0,0,0,0,0,0,0,0,0,0,0,0,1,0,0,0,0,0,1,0,0,0,0,0,1,0,0,0,0,0,0,0,0,0,0,0,0,0,0,0,1,2,1,0,0,0,0,0,0,0,118.4840502,86.78963268
5273,0.00961445,0.00998831,0.00191385,0.00802467,-0.000847158,0.000611588,-0.017358,-0.00969465,0.00700227,0.00661062,0,0,0,0,0,0,0,0,0,2,0,0,0,0,0,0,1,0,0,0,0,0,0,0,0,0,0,0,0,1,0,0,0,0,0,0,0,0,0,1,0,0,0,0,0,0,0,0,0,1,0,0,0,0,0,0,0,1,0,0,0,0,0,0,0,0,0,0,0,0,0,0,0,0,1,0,1,0,0,1,0,0,0,0,0,0,0,0,0,0,0,0,0,1,0,0,1,2,0,0,0,0,0,2,0,0,130.8291532,127.5148861
5279,0.0213661,0.00237614,0.00224732,0.0025086,0.00160997,-0.00399311,0.00445244,-0.0101213,0.00563419,-0.00366629,0,0,0,0,0,0,0,0,0,1,0,0,0,1,0,0,1,0,1,0,0,0,1,0,0,0,0,0,0,1,0,0,0,0,0,0,0,0,0,1,0,0,0,0,0,0,0,0,0,1,0,0,0,0,0,0,0,0,0,1,0,0,0,0,0,0,0,0,1,0,0,0,1,0,2,0,0,0,0,1,1,0,1,0,1,0,0,0,0,1,0,0,0,0,0,0,0,1,0,0,0,0,0,1,0,0,101.2251663,79.6005568
5555,-0.0138913,-0.00346113,0.00577587,0.0150206,-0.00126032,-0.000542009,-0.0152887,0.000881819,-0.00673669,0.0130464,0,0,0,0,0,0,0,0,0,0,0,0,0,2,0,0,1,0,1,1,0,0,1,0,0,0,1,0,0,0,0,0,0,1,0,0,0,0,1,0,0,0,0,0,0,0,0,0,0,0,0,0,0,0,0,0,0,2,0,0,0,0,0,0,0,0,0,0,0,1,0,0,0,0,1,0,2,0,0,1,0,1,0,0,0,0,0,0,0,0,0,0,0,0,0,0,0,1,1,0,0,0,0,1,0,0,101.926469,106.7346807
5609,0.0281499,-0.00180552,0.000969895,-0.000321517,0.00211275,-0.00218263,0.00792717,-0.00302266,0.00338093,-0.00320306,0,0,0,0,0,0,0,1,0,0,0,0,0,0,0,0,0,0,1,0,0,1,0,0,0,0,1,0,0,1,0,0,0,0,0,0,0,0,0,1,0,0,0,0,0,1,0,0,0,0,0,0,0,0,0,0,0,0,0,0,0,0,0,0,0,1,0,0,0,0,0,1,1,0,1,0,0,0,0,1,1,0,0,0,1,0,0,0,0,1,0,0,0,0,0,0,1,2,0,0,0,0,0,0,1,0,115.9799632,114.2242064
5691,0.023501,-0.000757221,0.00313353,-0.00294685,0.00154829,-0.00111202,0.00328562,-0.00904903,-0.00276238,0.00522604,0,2,0,0,0,0,0,0,0,1,0,0,0,1,0,0,0,0,0,1,0,1,0,0,0,0,1,0,0,1,0,0,0,0,0,0,0,0,0,1,0,1,0,0,0,1,0,1,0,1,0,0,0,0,0,0,0,1,0,0,0,1,0,0,0,1,0,0,0,0,0,0,0,0,1,0,0,0,0,0,0,2,0,0,2,0,0,0,0,0,0,0,0,0,0,0,0,1,0,0,0,0,0,0,0,1,122.4837047,111.0981417
5821,0.0320094,-0.00333421,0.00123659,0.000901643,-0.000218318,-0.0145794,0.00498033,-0.00217175,0.00297068,-0.00854734,0,2,0,0,0,0,0,0,0,1,0,0,0,0,0,0,1,0,0,1,0,2,0,0,0,0,0,0,0,1,0,0,0,0,0,0,0,0,0,0,0,1,1,0,1,1,0,0,0,0,0,0,0,0,0,0,0,0,0,0,0,0,0,0,0,0,0,0,0,2,0,0,1,0,0,0,1,0,0,1,0,0,0,0,0,0,0,0,0,1,0,0,0,1,0,0,1,0,1,0,0,0,0,1,0,1,89.60711155,106.7139018
5833,-0.010396,0.0248988,0.012399,0.0173155,-0.0038046,-0.0104546,0.0116406,0.00795137,-0.0121923,0.0133797,0,0,0,0,0,0,0,0,0,1,0,0,0,1,0,0,0,0,0,1,0,0,1,0,0,1,0,0,0,0,0,0,0,1,0,0,0,0,0,1,0,0,0,0,0,0,0,0,0,0,0,0,0,0,0,0,0,0,0,0,0,0,0,0,0,0,0,1,1,0,0,0,0,0,2,0,1,0,0,0,2,0,0,0,0,0,0,0,2,0,2,0,0,0,0,0,1,1,1,0,0,0,0,1,0,0,111.4169422,101.7136726
6129,-5.98E-05,0.00127254,0.0198919,-0.0311641,-0.0102357,-0.00085895,-0.0346567,-0.0114884,-0.328475,-0.00309666,0,0,0,0,0,0,0,0,0,2,0,0,0,0,0,0,1,0,0,0,0,0,0,0,0,0,0,0,0,0,0,0,1,0,0,0,0,0,0,0,1,0,0,0,0,0,0,0,0,1,0,0,0,0,0,0,0,1,0,0,0,0,0,0,0,1,0,0,0,1,0,0,1,1,1,0,2,0,0,0,1,1,0,0,0,0,0,0,1,1,0,0,1,0,0,1,1,1,0,0,0,0,0,1,0,0,121.774051,116.9903335
6156,0.0167043,-0.000142949,-0.0082427,-0.00119322,-0.00479127,-0.00940331,0.00596487,-0.00953491,0.00845352,0.00949937,0,1,0,0,0,0,0,1,0,0,0,0,0,1,0,0,0,0,1,0,0,2,0,0,0,0,1,0,0,0,0,0,0,0,1,0,0,0,0,0,0,0,0,0,0,0,0,0,0,1,0,0,0,0,0,1,0,0,0,0,0,0,0,0,0,1,0,0,1,1,0,0,0,0,0,0,1,0,0,1,1,0,1,0,0,0,0,0,0,1,0,0,0,1,0,0,0,1,0,0,0,1,0,1,0,0,88.7349905,98.90088193
6248,0.0320456,-0.00419283,0.000119305,-0.00186682,-0.00131509,-0.0101017,0.00277175,-0.0350445,0.00852445,-0.000384787,1,2,0,0,0,0,0,0,0,1,0,0,0,0,0,0,0,0,0,0,0,1,0,0,0,0,0,0,0,2,0,0,0,0,0,0,1,0,0,0,0,1,0,0,0,1,0,1,0,1,0,0,0,0,0,0,0,0,0,1,0,0,0,0,0,0,0,0,0,0,0,1,1,0,1,0,1,1,0,1,0,0,1,0,0,0,0,0,0,2,0,0,0,0,0,0,0,0,0,1,0,1,0,0,0,0,78.48950614,102.6448988
6342,0.0111723,0.00814,0.0042272,0.0062138,0.000901979,0.00381082,-0.0054204,-0.0081709,0.00115053,0.0167824,0,1,0,0,0,0,0,0,0,0,0,0,0,2,0,0,2,0,0,0,0,0,0,0,0,0,0,0,0,0,0,0,0,0,0,0,0,0,0,1,0,0,0,0,0,0,0,0,0,0,0,0,0,0,0,0,0,0,0,0,0,0,0,0,0,0,0,0,0,1,0,0,1,0,1,0,2,0,0,1,0,0,0,0,1,0,0,0,0,1,0,0,0,0,0,0,0,1,0,0,0,0,0,1,0,1,92.04261791,88.16580113
6408,0.00718987,0.0132588,0.00518851,0.0103506,-0.00406839,0.000843442,0.00936263,-0.0043343,-0.0161079,-5.97E-05,1,1,0,0,0,0,0,0,0,1,0,0,0,1,0,0,0,0,0,0,0,0,2,0,0,1,0,0,1,1,0,0,0,0,0,0,0,0,0,1,0,0,0,0,0,0,0,0,1,0,0,0,0,0,0,0,0,0,0,0,0,0,0,0,0,0,0,0,0,1,0,0,0,0,2,0,0,0,0,1,0,1,0,0,0,0,0,0,0,0,0,0,0,1,0,0,0,1,1,0,0,0,0,1,0,0,92.47824749,96.72876501
6523,-0.00967506,0.0242054,0.00504026,0.0135911,-0.000437046,0.00384018,-0.0361991,-0.00574147,-0.0122709,0.00717231,0,0,0,0,0,0,0,0,0,1,0,0,0,1,0,0,1,0,0,0,0,0,2,0,0,0,0,0,0,0,0,0,0,0,0,0,0,0,0,0,0,0,1,0,0,1,0,0,0,1,0,0,0,0,0,0,0,2,0,0,1,0,0,0,0,0,0,0,1,0,0,0,1,0,0,0,2,0,0,0,0,1,0,0,0,0,0,0,0,1,0,0,1,0,0,0,1,1,0,0,0,0,1,2,0,0,87.636701,86.23781805
6668,-0.000641843,0.0190611,0.00752884,0.0138479,-0.0058198,-0.00724764,-0.00218455,-0.00322381,-0.00991254,0.0104339,0,0,0,0,1,0,0,0,0,1,0,0,0,1,0,0,0,0,1,0,0,0,0,0,1,0,0,0,0,0,0,0,0,1,0,0,0,0,1,1,0,0,0,0,0,0,0,0,0,0,0,0,0,0,0,0,0,1,0,0,0,0,0,0,0,0,0,1,0,1,0,0,1,0,1,0,1,0,0,1,1,1,0,0,0,1,0,0,1,1,1,0,1,0,0,0,0,1,0,0,0,0,0,1,0,0,82.69074258,95.05988937
6686,-0.00494535,0.0207283,0.00622732,0.0151413,-0.00705275,0.0126416,-0.0520092,-0.00807773,-0.00626801,0.0206714,0,1,0,0,0,0,0,0,0,0,0,0,0,2,0,0,0,0,1,0,1,0,1,0,0,0,0,0,0,0,0,0,0,0,0,0,0,0,0,0,0,1,0,0,0,0,1,0,0,1,1,0,0,0,0,0,1,0,0,0,0,0,0,0,0,0,0,0,0,2,0,0,0,0,0,0,2,0,0,0,2,0,0,0,0,0,0,0,2,1,2,0,0,0,0,0,0,1,1,0,0,0,0,1,0,0,66.22106801,82.90563821
6760,0.00987463,0.00817547,-0.00116801,0.00544612,0.000145944,0.0315705,-0.052123,0.0437225,0.00929575,0.0210482,0,0,0,0,0,0,0,0,0,0,0,0,0,1,0,0,0,0,2,0,0,1,0,0,0,0,0,0,0,0,0,0,0,0,0,0,0,0,1,0,0,0,0,0,0,0,0,0,0,1,1,1,0,0,0,1,0,1,0,0,0,0,0,0,0,0,0,0,1,0,0,0,0,0,1,0,0,0,0,2,1,0,0,0,0,0,0,0,0,0,0,0,0,0,0,0,0,2,2,0,0,0,0,0,0,0,119.2196493,104.682224
6896,0.0165297,0.0049515,0.0031767,0.00711785,0.000176744,-0.00621911,0.00834049,-0.0134761,-0.0071597,0.0164735,0,1,0,0,0,0,0,0,0,0,0,0,0,1,0,0,1,0,0,0,0,1,1,0,0,0,1,0,0,0,0,0,0,0,0,0,0,0,0,0,0,0,0,0,0,0,0,0,1,1,0,0,0,0,0,0,0,0,0,0,0,0,0,0,0,0,0,0,0,1,0,0,1,0,1,0,0,0,0,1,0,0,0,0,1,0,0,0,0,1,0,0,0,0,0,0,0,1,0,0,0,0,0,0,0,1,96.33591566,100.8442276
7079,-0.00252785,0.0179876,0.00410982,0.0119661,-0.00979378,0.0161618,-0.0579631,0.00840657,-0.00867822,0.0230422,0,0,0,0,0,0,0,0,0,0,0,0,0,2,0,0,0,0,0,1,0,0,1,0,0,0,1,0,0,0,0,0,0,0,0,0,0,0,0,0,0,0,0,0,0,0,0,0,0,1,0,0,0,0,0,0,0,2,0,0,0,1,0,0,0,0,0,0,0,0,0,0,2,0,1,0,2,0,0,1,0,1,0,0,0,0,0,0,1,2,1,0,0,0,0,0,2,1,0,0,0,0,0,2,0,0,111.5843033,113.7317762
7259,-0.0100104,0.0266312,0.0104463,0.0183067,-0.0040041,-0.00577929,-0.00312886,0.000123205,-0.0095248,0.00288205,0,0,0,0,0,0,0,0,0,1,0,1,0,1,0,0,0,0,0,0,1,0,0,0,0,0,1,0,0,0,0,0,0,0,0,0,0,0,0,0,0,0,0,0,0,0,0,0,1,0,0,0,0,0,0,0,0,0,0,0,0,0,0,0,0,0,0,0,0,0,0,0,1,0,2,0,2,0,0,0,0,1,0,0,0,0,0,0,1,1,1,0,1,0,0,0,1,1,1,0,0,0,0,1,0,0,91.68649592,89.97827234
7274,0.0329711,-0.00469964,-0.000944747,-0.00131998,0.00298988,0.012882,0.00674023,-0.0051896,-0.00046112,-0.000500199,1,0,0,0,0,0,0,0,0,1,0,0,0,0,2,0,2,0,0,0,0,0,0,0,0,0,0,0,0,0,0,0,0,0,0,0,1,0,0,2,0,0,0,0,0,0,0,0,0,0,0,0,0,0,0,0,0,0,0,0,0,0,0,0,0,0,0,0,0,1,0,0,0,0,0,1,0,0,0,1,0,0,0,0,0,0,2,0,0,1,0,0,0,0,0,1,0,0,0,0,0,0,0,0,0,0,101.1391116,101.023443
7370,0.00745258,0.0105968,0.00262212,0.0114607,0.00620326,0.043486,-0.0528099,0.0264894,0.00583869,0.0330868,0,0,0,0,0,0,0,0,1,0,0,0,0,1,0,0,0,0,0,0,0,0,0,0,0,0,0,0,0,1,0,0,0,0,0,0,0,0,0,2,0,0,0,0,0,0,0,0,0,0,0,0,0,0,0,0,0,0,0,0,0,0,0,0,0,0,0,0,2,0,0,0,0,0,1,0,1,0,0,0,0,2,0,0,0,0,0,0,0,1,0,0,0,0,0,0,0,1,1,1,0,0,0,0,0,0,109.7814274,105.8920909
7496,0.0254903,-0.0006349,0.000203936,0.00146184,0.0119755,0.0407942,-0.0162932,0.0294695,0.0056246,0.0188166,0,2,0,0,0,0,0,0,1,0,0,0,0,0,0,0,0,0,0,0,0,1,0,1,0,0,0,0,0,2,0,0,0,0,1,0,0,0,0,0,0,0,0,0,1,0,1,0,0,1,0,0,0,0,0,0,2,0,0,0,0,0,0,0,0,2,0,0,0,0,0,0,0,0,0,0,0,0,0,2,0,1,1,0,0,0,0,0,0,2,0,0,0,0,0,0,0,0,0,0,0,0,0,0,0,0,72.49506133,83.48796857
8032,0.00260813,0.0167183,0.00771115,0.00958548,-0.000781423,-0.0027492,0.00420518,-0.00486122,-0.00390812,0.00515665,0,0,0,0,0,0,0,0,0,0,0,0,0,1,0,0,0,1,0,0,0,0,1,0,0,1,0,0,2,0,0,0,0,1,0,1,0,0,0,0,0,0,0,0,0,0,0,0,2,0,0,0,0,0,0,0,0,0,0,0,0,0,0,0,0,0,0,1,0,0,0,0,1,0,2,0,2,0,0,1,0,0,0,0,0,0,0,0,0,1,0,0,0,1,0,0,0,1,0,0,0,0,0,1,0,0,117.3856986,111.7510592
8158,0.0266141,-0.000761661,0.00127989,0.000469272,0.00487791,-0.00178165,0.00366471,-0.000746616,0.00971116,-0.00425876,0,0,0,0,0,1,0,0,0,2,0,0,0,0,0,0,1,0,0,0,0,0,0,0,0,0,0,0,0,0,0,0,0,0,0,1,0,0,0,0,0,1,0,0,0,1,0,0,0,0,0,0,0,0,0,0,0,0,1,0,0,0,0,0,0,0,0,0,0,1,0,0,1,0,0,0,0,0,0,2,0,0,0,0,0,0,1,0,0,1,0,0,0,0,1,1,1,0,0,0,0,0,0,1,0,1,84.90081699,103.4969566
8162,-0.0104426,0.022698,0.00344316,0.0135414,-0.000879527,-2.33E-05,-0.0177991,-0.00511613,-0.00309962,0.0076368,0,1,0,0,0,0,0,0,0,1,0,0,0,1,0,0,0,0,0,1,0,0,1,0,0,0,0,0,1,0,0,0,0,0,0,0,0,0,0,0,0,0,0,0,0,0,0,0,1,0,0,0,0,0,0,0,0,0,0,0,0,0,0,0,0,0,0,0,0,0,0,0,0,0,1,0,1,0,0,0,0,2,0,0,0,0,0,0,0,0,0,0,0,0,0,0,0,1,1,0,0,0,0,1,0,0,100.9841922,107.6973389
8277,0.0259645,0.000914701,0.00186732,0.00105236,-0.0012179,0.00466904,0.000560483,-0.0179736,0.00942141,0.00226561,0,1,0,0,0,0,0,0,0,1,0,0,0,0,0,0,0,0,0,1,0,2,0,0,0,0,1,0,0,0,0,0,1,0,0,0,0,0,0,0,0,0,0,0,0,0,0,0,0,2,0,0,0,0,0,0,0,0,0,0,0,0,0,1,0,1,0,0,0,0,0,0,0,0,1,0,0,0,1,0,0,0,0,0,0,0,0,0,1,0,1,0,0,0,0,0,1,0,0,0,0,0,0,1,0,0,89.87389109,112.5452709
8281,0.0237315,-0.000285407,0.00207957,0.0012417,0.00546811,0.00596835,0.0062567,-0.00371634,-0.00835796,-0.00230111,0,0,0,0,0,0,0,0,0,0,0,0,0,0,1,0,1,0,0,0,0,0,1,0,0,1,0,0,0,0,0,0,0,0,0,0,0,0,0,0,0,0,0,0,0,0,0,0,0,0,0,0,0,0,2,0,0,0,0,0,0,0,0,0,0,0,0,0,0,0,0,0,1,0,1,1,0,0,0,1,1,0,0,0,0,0,1,0,0,1,0,0,0,0,0,0,0,1,1,0,0,0,0,0,0,1,131.6892046,104.1592293
8335,0.0181477,0.00492911,0.00182622,0.00246453,4.13E-05,-0.00397606,0.00494923,-0.0108099,0.000796676,-0.00326623,1,0,0,0,0,0,0,0,0,1,0,0,0,0,0,0,1,0,0,0,0,0,0,0,0,0,1,0,0,0,0,0,0,0,0,0,0,0,0,1,0,0,0,0,0,0,0,0,0,0,1,0,0,0,0,0,1,0,0,0,0,0,0,0,0,1,0,0,0,2,0,0,1,0,0,0,1,0,0,0,0,0,0,0,0,0,0,0,0,2,0,0,0,0,0,0,0,0,0,0,0,0,0,0,0,0,91.67207805,93.31815711
8393,0.0272759,-0.00234083,-0.000397326,0.0023815,-0.00347416,-0.00345583,0.0074316,0.000708918,-0.00289863,0.00568949,0,0,1,0,0,0,0,0,0,0,0,0,0,0,1,0,1,0,0,0,0,1,0,0,0,0,1,0,0,0,0,0,0,0,0,0,0,0,0,0,0,1,0,0,0,0,0,0,0,0,0,0,0,0,1,0,0,0,0,0,0,0,0,1,1,0,0,0,0,1,0,0,0,0,1,0,0,0,0,2,1,1,0,0,0,0,0,1,1,0,0,0,0,0,0,2,0,1,0,0,0,0,0,0,0,0,117.0813734,114.34821
8474,0.016012,0.00628612,0.00293517,0.00715045,-0.00219177,0.00292335,0.00458864,-0.0145233,-0.0105039,0.00441727,0,1,0,0,0,0,0,1,0,0,0,0,0,0,0,0,1,0,1,0,0,1,0,0,0,0,0,0,0,0,0,0,0,1,0,0,1,0,0,0,0,0,0,0,0,0,0,0,0,1,0,0,0,0,0,0,1,0,0,0,0,0,0,0,0,0,0,0,0,0,0,0,0,0,2,0,0,0,1,1,1,0,1,0,0,0,0,0,0,1,0,0,0,0,0,2,0,0,0,0,0,0,0,2,0,0,94.99834829,95.46791199
8555,0.00783583,0.0108898,0.000424899,0.0090234,0.00363318,0.0396246,-0.0548789,0.0300127,-0.00537379,0.0276098,0,1,0,0,0,0,0,1,0,0,0,0,0,2,0,0,0,0,0,2,0,0,0,0,0,0,1,0,0,1,0,0,0,1,0,0,0,0,1,0,0,0,0,0,0,0,0,0,0,1,0,0,0,0,0,0,1,0,0,0,0,0,0,0,0,0,0,0,0,1,0,0,0,0,2,0,1,0,0,1,0,2,0,0,1,1,0,0,0,1,0,0,0,0,0,0,0,1,0,0,0,0,0,1,0,0,76.19441722,82.8842999
8613,0.0210235,0.00209198,0.000497301,0.00219754,0.000835091,-0.000185478,0.00439088,-0.00927227,-0.0151662,0.0100151,1,0,0,0,0,0,0,0,0,1,0,0,0,0,0,0,1,0,0,1,0,1,0,0,0,0,0,0,0,0,0,0,0,0,0,0,0,0,0,0,0,0,0,0,0,0,0,0,0,2,0,0,0,0,0,0,0,0,1,0,0,0,0,0,1,0,0,0,1,1,0,0,0,0,1,0,1,0,0,2,0,0,2,0,0,0,0,0,0,0,0,0,0,0,0,1,0,2,0,0,1,0,0,1,0,0,106.7502573,85.52740441
9172,0.0340331,-0.005257,-0.00279636,-0.000436985,0.00918389,0.00314889,0.0172716,-0.0420774,0.011605,0.00826647,0,1,0,0,0,0,0,0,0,1,0,0,0,0,0,0,0,0,1,0,0,0,0,0,1,0,1,0,0,0,0,0,0,0,0,0,0,0,0,0,0,1,0,0,0,1,0,0,0,0,0,1,0,0,0,1,0,0,0,0,0,0,0,1,0,0,0,0,0,1,0,0,0,0,0,0,0,0,0,1,0,0,0,0,0,0,0,0,0,0,0,0,0,0,0,0,1,0,1,0,0,0,0,0,0,0,91.51679702,90.63415486
9387,0.000727216,0.00339821,0.0196834,-0.0235102,-0.00379034,0.00684152,-0.0487189,-0.0160212,-0.39022,-0.0111653,0,0,0,0,0,0,0,0,0,2,0,0,0,0,0,1,1,0,1,0,0,1,0,0,0,0,1,0,0,0,0,1,0,0,0,0,0,0,0,0,0,0,0,0,0,0,0,0,0,1,0,0,0,0,0,0,0,2,0,0,0,0,1,0,0,0,0,0,0,0,1,0,0,1,1,0,1,0,0,2,0,1,0,0,0,0,0,0,1,0,1,0,1,0,0,1,1,2,2,0,0,0,0,0,0,0,90.13916962,90.32483805
9688,-0.0111377,0.0258034,0.0120807,0.0156496,-0.00329933,-0.00722067,0.00585853,-0.00664189,-0.00514466,0.00952725,0,0,0,0,0,0,0,0,0,0,1,2,0,2,0,0,0,0,0,1,0,0,0,0,0,0,0,0,0,0,0,0,0,1,0,0,0,0,0,2,0,0,0,0,0,0,0,0,0,0,0,0,0,0,0,0,0,1,0,0,0,1,0,0,0,0,1,0,0,0,0,0,0,0,1,0,2,0,0,0,1,1,0,0,0,0,0,0,2,0,1,1,0,0,0,0,0,0,1,0,0,0,0,1,0,0,126.2357162,110.2287616
9765,0.00863239,0.0107038,0.0058813,0.00965849,-0.00255466,-0.00190212,0.00604424,-0.0125319,-0.0104024,0.0145838,0,0,0,0,0,0,0,0,0,1,0,0,0,0,0,0,0,0,0,0,0,1,0,0,0,0,0,0,0,1,0,0,0,0,0,0,0,0,0,1,0,0,0,0,0,0,0,0,0,1,0,0,0,0,0,0,1,0,0,0,0,0,0,0,0,0,0,0,0,1,0,0,0,0,0,0,0,0,0,0,0,1,0,0,0,0,0,0,0,1,0,0,0,0,0,2,1,2,0,0,1,0,1,2,0,0,88.06630637,105.9977756